product_id,variant_id,generic_product_name,category,size,color,texture,image,sku,pack_quantity,price,stock,original_name
1,151,"Leather Gold SUPREME ,Ten Pocket, Oil Tanned, Tool Pouch, With, Hammer Holders",Tool Belts & Pouches,,Gold,Oil Tanned,/images/products/s-l1600.webp,,1,19.99,0,"Leather Gold SUPREME ,Ten Pocket, Oil Tanned, Tool Pouch, With, Hammer Holders"
1,1072,"Leather Gold SUPREME ,Ten Pocket, Oil Tanned, Tool Pouch, With, Hammer Holders",Tool Belts & Pouches,,Gold,Oil Tanned,/images/products/s-l1600-115.jpg,112187355816,1,19.99,30,"Leather Gold SUPREME ,Ten Pocket, Oil Tanned, Tool Pouch, With, Hammer Holders"
2,161,"Leather Chaps, Apron, for Work, Sports, Horse/Bike Gear, Saddle",Tool Belts & Pouches,,Orange,,/images/products/s-l1600-1.webp,,1,35,0,"Leather Chaps, Apron, Orange Color for Work, Sports, Horse/Bike Gear, Saddle"
3,1055,Brown Jersey Industrial And Work Safety Gloves (PPE),Work Gloves,L,Brown,Jersey,/images/products/s-l1600-121.jpg,111998124733,12,6,179,12 Par Pack Brown Jersey Industrial And  Work Safety Gloves (PPE) size L
4,1056,"14"" High Voltage Protector Glove With A grade Cow Leather",Work Gloves,10,,,/images/products/s-l1600-111.jpg,112023917471,1,10,222,"14"" High Voltage Protector Glove With A grade Cow Leather Size 10"
4,1077,"14"" High Voltage Protector Glove With A grade Cow Leather",Work Gloves,9,,,/images/products/s-l1600-111.jpg,112194581609,1,12,157,"14"" High Voltage Protector Glove With A grade Cow Leather Size 9"
5,1057,Cow Hide Grain Leather Drivers golve Large,Work Gloves,L,Natural,Cow Hide,/images/products/s-l1600-725.jpg,112055927137,120,310,10,10 Dozen Pr Pack Cow Hide Grain Leather Drivers  golve Natural Color   Large (L)
6,1058,"Goat Skin Grain Leather Thinsulate Lining , safety gloves (PPE), L",Work Gloves,L,,Goat Skin,/images/products/s-l1600-766.jpg,112183045885,12,95,94,"12 Pair , Goat Skin Grain Leather Thinsulate Lining ,  safety gloves (PPE), L"
6,1059,"Goat Skin Grain Leather Thinsulate Lining , safety gloves (PPE), L",Work Gloves,L,,Goat Skin,/images/products/s-l1600-766.jpg,112183079967,6,55,37,"6 Pair , Goat Skin Grain Leather Thinsulate Lining ,  safety gloves (PPE), L"
7,1060,"Cow Hide Grain Leather Driver, work ,safety golves Size",Work Gloves,L,,Cow Hide,/images/products/s-l1600-725.jpg,112184214504,12,32,0,"12 Pair Pack Cow Hide Grain Leather Driver, work ,safety golves Size   (L)"
7,1088,"Cow Hide Grain Leather Driver, work ,safety golves Size",Work Gloves,XL,,Cow Hide,/images/products/s-l1600-725.jpg,112204572038,12,35,85,"12 Pair Pack Cow Hide Grain Leather Driver, work ,safety golves Size   (XL)"
8,1061,"Goat Skin Grain Leather Drivers, work safety gloves (PPE)",Work Gloves,M,,Goat Skin,/images/products/s-l1600-573.jpg,112184232088,120,299,2,"10 Doz Case , Goat Skin Grain Leather Drivers, work safety gloves (PPE), Size M"
8,1062,"Goat Skin Grain Leather Drivers, work safety gloves (PPE)",Work Gloves,L,,Goat Skin,/images/products/s-l1600-573.jpg,112184246426,120,299,6,"10 Doz Case, Goat Skin Grain Leather Drivers, work safety gloves (PPE), Size L"
8,1073,"Goat Skin Grain Leather Drivers, work safety gloves (PPE)",Work Gloves,L,,Goat Skin,/images/products/s-l1600-573.jpg,112194199011,12,34.99,25,"12 Pair Pack, Goat Skin Grain Leather Drivers, work safety gloves (PPE), Size L"
8,1079,"Goat Skin Grain Leather Drivers, work safety gloves (PPE)",Work Gloves,S,,Goat Skin,/images/products/s-l1600-740.jpg,112195634614,12,34.95,17,"12 Pair Pack, Goat Skin Grain Leather Drivers, work safety gloves (PPE), Size  S"
8,1087,"Goat Skin Grain Leather Drivers, work safety gloves (PPE)",Work Gloves,XXL,,Goat Skin,/images/products/s-l1600-573.jpg,112203903231,12,35,7,"12 Pair Pack, Goat Skin Grain Leather Drivers, work safety gloves (PPE) Size XXL"
8,1089,"Goat Skin Grain Leather Drivers, work safety gloves (PPE)",Work Gloves,M,,Goat Skin,/images/products/s-l1600-740.jpg,112209996180,12,34.99,19,"12 Pair Pack, Goat Skin Grain Leather Drivers, work safety gloves (PPE), Size  M"
8,1112,"Goat Skin Grain Leather Drivers, work safety gloves (PPE)",Work Gloves,XL,,Goat Skin,/images/products/s-l1600-573.jpg,112607827136,12,35,32,"12 Pair Pack, Goat Skin Grain Leather Drivers, work safety gloves (PPE), Size XL"
8,1127,"Goat Skin Grain Leather Drivers, work safety gloves (PPE)",Work Gloves,XL,,Goat Skin,/images/products/s-l1600-573.jpg,113018901637,120,299,4,"10 Doz Case , Goat Skin Grain Leather Drivers, work safety gloves (PPE), Size XL"
8,1128,"Goat Skin Grain Leather Drivers, work safety gloves (PPE)",Work Gloves,S,,Goat Skin,/images/products/s-l1600-573.jpg,113018902898,120,280,2,"10 Doz Case , Goat Skin Grain Leather Drivers, work safety gloves (PPE), Size S"
8,1148,"Goat Skin Grain Leather Drivers, work safety gloves (PPE)",Work Gloves,3XL,,Goat Skin,/images/products/s-l1600-573.jpg,114174944450,12,35.99,13,"12 Pair Pack, Goat Skin Grain Leather Drivers, work safety gloves (PPE) Size 3XL"
8,1149,"Goat Skin Grain Leather Drivers, work safety gloves (PPE)",Work Gloves,3XL,,Goat Skin,/images/products/s-l1600-573.jpg,114190307036,12,35,5,"12 Pair Pack, Goat Skin Grain Leather Drivers, work safety gloves (PPE) Size 3XL"
9,1063,"Cow Brushed Leather Drivers Glove Large, Golden Color",Work Gloves,L,,Suede,/images/products/s-l1600-763.jpg,112184248595,1,3.99,100,"Cow Brushed Leather (Suede) Drivers Glove Large, Golden Color"
10,1064,"Touch Screen, Orange High Vis Synthetic Leather Mechanics Gloves, Large",Work Gloves,L,Orange,Synthetic Leather,/images/products/s-l1600-691.jpg,112184261271,6,18,98,"6 Pack, Touch Screen, Orange High Vis Synthetic Leather Mechanics Gloves, Large"
11,1065,"Branded Work Glove Closeout, Heavy Duty, A Grade Goat Leather, M",Work Gloves,M,,,/images/products/s-l1600-116.jpg,112187305430,72,250,12,"72 Pair Pack Branded Work Glove Closeout, Heavy Duty, A Grade Goat Leather,  M"
11,1068,"Branded Work Glove Closeout, Heavy Duty, A Grade Goat Leather, M",Work Gloves,M,,,/images/products/s-l1600-116.jpg,112187351687,12,48,99,"12 Pair Pack Branded Work Glove Closeout, Heavy Duty, A Grade Goat Leather,  M"
12,1066,"Branded Work Glove Closeout, Heavy Duty, A Grade Goat Leather",Work Gloves,M,,,/images/products/s-l1600-118.jpg,112187349814,1,4.99,489,"Branded Work Glove Closeout, Heavy Duty, A Grade Goat Leather, Size Medium"
12,1067,"Branded Work Glove Closeout, Heavy Duty, A Grade Goat Leather",Work Gloves,L,,,/images/products/s-l1600-118.jpg,112187350424,1,4.99,469,"Branded Work Glove Closeout, Heavy Duty, A Grade Goat Leather, Size Large"
13,1069,"Branded Work Glove Closeout, Heavy Duty, A Grade Goat Leather, L",Work Gloves,L,,,/images/products/s-l1600-116.jpg,112187353381,72,250,15,"72 Pair Pack Branded Work Glove Closeout, Heavy Duty, A Grade Goat Leather,  L"
13,1070,"Branded Work Glove Closeout, Heavy Duty, A Grade Goat Leather, L",Work Gloves,L,,,/images/products/s-l1600-116.jpg,112187354194,12,48,88,"12 Pair Pack Branded Work Glove Closeout, Heavy Duty, A Grade Goat Leather,  L"
14,1071,Goat Skin Grain Leather Driver work safety golve,Work Gloves,L,,Goat Skin,/images/products/s-l1600-67.jpg,112187355155,1,2.99,40,Goat Skin Grain Leather Driver work safety golve Size Large
14,1146,Goat Skin Grain Leather Driver work safety golve,Work Gloves,M,,Goat Skin,/images/products/s-l1600-67.jpg,114124341115,1,2.99,37,Goat Skin Grain Leather Driver work safety golve Size Medium
15,1074,Ladies Suede lether (brushed) Garden Glove,Work Gloves,M,Pink,Suede,/images/products/s-l1600-114.jpg,112194532093,1,3.49,176,"Ladies Suede lether (brushed) Garden Glove, Size Medium, Color Pink"
16,1075,High Visibility Heavy Cow Suede Leather (Brushed) Glove,Work Gloves,,,Suede,/images/products/s-l1600-759.jpg,112194535965,1,4.99,37,High Visibility Heavy Cow Suede Leather (Brushed) Glove
17,1076,Leather Gold SUPREME Ten Pocket Oil Tann Tool Pouch Hammer Holders,Tool Belts & Pouches,,Gold,,/images/products/s-l1600-115.jpg,112194539232,5,90,75,Pack Of 5  Leather Gold SUPREME Ten Pocket Oil Tann Tool Pouch Hammer Holders
18,1078,Heavy Duty A Grade Goat Leather Work Glove Large,Work Gloves,L,,,/images/products/s-l1600-751.jpg,112194582748,1,5.99,100,Heavy Duty A Grade Goat Leather Work Glove Large
19,1080,Cow Hide Grain Leather Drivers golve Large,Work Gloves,XL,,Cow Hide,/images/products/s-l1600-725.jpg,112201476227,120,310,7,10 Dozen Pr Pack Cow Hide Grain Leather Drivers  golve Size  Extra Large (XL)
20,1081,"4"" weight lifting belt leather (110cm)",Other,L,Black,,/images/products/s-l1600-109.jpg,112203889330,1,15,10,"4"" weight lifting belt leather Black Color Size Large (110cm)"
21,1082,Cow Hide Grain Leather Driver work safety golve,Work Gloves,L,,Cow Hide,/images/products/s-l1600-749.jpg,112203889964,1,2.99,41,Cow Hide Grain Leather Driver work safety golve Size Large (L)
22,1083,12 Pairs Touch Screen High Vis Mechanic's Work Gloves (PPE) Large,Work Gloves,S,,,/images/products/s-l1600-738.jpg,112203891796,1,30,21,12 Pairs Touch Screen High Vis Mechanic's Work Gloves (PPE) Large
23,1084,Touch Screen High Vis Mechanic's Work Gloves (PPE) Large,Work Gloves,S,,,/images/products/s-l1600-738.jpg,112203892459,72,150,47,6 Dozen Pairs Touch Screen High Vis Mechanic's Work Gloves (PPE) Large
24,1085,Double Side PVC Dotted (Polka) Cotton Industrial & Work Gloves L,Work Gloves,L,,,/images/products/s-l1600-107.jpg,112203893509,12,6,90,12 Pair Pack Double Side PVC Dotted (Polka) Cotton Industrial & Work Gloves L
25,1086,Cow Hide Grain Leather Driver work safety golve Large,Work Gloves,XL,,Cow Hide,/images/products/s-l1600-725.jpg,112203894092,1,2.99,80,Cow Hide Grain Leather Driver work safety golve Size  Extra Large (XL)
26,1090,Touch Screen High Vis Mechanic's Work Gloves (PPE)Large,Work Gloves,S,,,/images/products/s-l1600-738.jpg,112213868354,2,6,59,2 Pairs Packing Touch Screen High Vis Mechanic's Work Gloves (PPE)Large
27,1091,Leather Gold PROFESSIONAL Ten Pocket Grain Leather Tool Pouch With Hammer Holder,Tool Belts & Pouches,,Gold,,/images/products/s-l1600-733.jpg,112270604198,1,37.99,43,Leather Gold PROFESSIONAL Ten Pocket Grain Leather Tool Pouch With Hammer Holder
28,1092,"Leather Gold PROFESSIONAL Ten Pocket Grain Leather Tool Pouch,Holders",Tool Belts & Pouches,,Gold,,/images/products/s-l1600-728.jpg,112270609834,5,99.5,10,"Pack Of 5  Leather Gold PROFESSIONAL Ten Pocket Grain Leather Tool Pouch,Holders"
29,1093,Cow Hide Grain Leather Drivers golve,Work Gloves,M,,Cow Hide,/images/products/s-l1600-725.jpg,112402043975,120,300,3,10 Dozen Pr Pack Cow Hide Grain Leather Drivers  golve Size  Medium (M)
30,1094,16 oz USA FLAG COLOR BOXING GLOVES & PUNCHING BAG TRAINING SET for Youth,Boxing & MMA,,,,/images/products/s-l1600-721.jpg,112407678980,1,9.99,84,16 oz USA FLAG COLOR BOXING GLOVES & PUNCHING BAG TRAINING SET for Youth
31,1095,"Leather Gold 9006 - Steel Loop, Grain Leather Belt Hammer Holder Brown",Tool Belts & Pouches,,Gold,,/images/products/s-l1600-98.jpg,112409647878,5,14.99,17,"Pack Of 5 Leather Gold 9006 - Steel Loop, Grain Leather Belt Hammer Holder Brown"
32,1096,"Leather Gold 9006 - Steel Grain, Leather Belt Hammer Holder Brown",Tool Belts & Pouches,,Gold,,/images/products/s-l1600-98.jpg,112409652811,10,24.99,8,"Pack Of 10 Leather Gold 9006 - Steel  Grain, Leather Belt Hammer Holder Brown"
33,1097,"Leather Gold CLASSIC ,Ten Pocket Brown Tanned, Tool Pouch, With 2 Hammer Holders",Tool Belts & Pouches,,Gold,,/images/products/s-l1600-718.jpg,112426078691,1,17.99,71,"Leather Gold CLASSIC ,Ten Pocket Brown Tanned, Tool Pouch, With 2 Hammer Holders"
34,1098,Leather Gold CLASSIC Ten Pocket BRN Tann Tool Pouch 2 Hammer Holders,Tool Belts & Pouches,,Gold,,/images/products/s-l1600-715.jpg,112426105017,10,145,92,Pack Of 10  Leather Gold CLASSIC Ten Pocket BRN Tann Tool Pouch 2 Hammer Holders
35,1099,Leather CLASSIC Ten Pocket BRN Tann Tool Pouch 2 Hammer Holders,Tool Belts & Pouches,,,,/images/products/s-l1600-712.jpg,112426118127,5,75,100,Pack Of 5  Leather CLASSIC Ten Pocket BRN Tann Tool Pouch 2 Hammer Holders
36,1100,"5"" Foam Padded Work Belts With Cow Leather Outer Belt Fits Up To 48""",Tool Belts & Pouches,,,,/images/products/s-l1600-706.jpg,112426895283,5,54.99,10,"Pack Of 5, 5"" Foam Padded Work Belts With Cow Leather Outer Belt Fits Up To 48"""
36,1101,"5"" Foam Padded Work Belts With Cow Leather Outer Belt Fits Up To 48""",Tool Belts & Pouches,,,,/images/products/s-l1600-706.jpg,112426896974,10,104.99,4,"Pack Of 10, 5"" Foam Padded Work Belts With Cow Leather Outer Belt Fits Up To 48"""
37,1102,"5"" Foam Padded Work Belt With Cow Leather Outer Belt Fits Up To 48""",Tool Belts & Pouches,XL,,,/images/products/s-l1600-706.jpg,112433484436,1,14.99,96,"5"" Foam Padded Work Belt With Cow Leather Outer Belt Fits Up To 48"" (XL)"
38,1103,"5"" Foam Padded Work Belt With Cow Leather Outer Belt Fits Up To 44""",Tool Belts & Pouches,L,,,/images/products/s-l1600-706.jpg,112450902921,1,14.99,45,"5"" Foam Padded Work Belt With Cow Leather Outer Belt Fits Up To 44"" (L)"
39,1104,"120 Pairs Maspur Nitrile Coated Work Gloves () Green, Orange & Red",Work Gloves,L,Green,,/images/products/s-l1600-700.jpg,112487024766,1,80,42,"120 Pairs Maspur Nitrile Coated Work Gloves (Size Large) Green, Orange  & Red"
40,1105,"12 Pairs Mastpur Nitrile Coated Work Gloves () Green, Orange & Red",Work Gloves,M,Green,,/images/products/s-l1600-700.jpg,112487028525,1,10,80,"12 Pairs Mastpur Nitrile Coated Work Gloves (Size Medium) Green, Orange  & Red"
40,1106,"12 Pairs Mastpur Nitrile Coated Work Gloves () Green, Orange & Red",Work Gloves,S,Green,,/images/products/s-l1600-700.jpg,112487037259,1,10,18,"12 Pairs Mastpur Nitrile Coated Work Gloves (Size Small) Green, Orange  & Red"
40,1109,"12 Pairs Mastpur Nitrile Coated Work Gloves () Green, Orange & Red",Work Gloves,L,Green,,/images/products/s-l1600-700.jpg,112487051602,1,10,57,"12 Pairs Mastpur Nitrile Coated Work Gloves (Size Large) Green, Orange  & Red"
41,1107,"120 Pairs Mastpur Nitrile Coated Work Gloves () Green, Orange & Red",Work Gloves,M,Green,,/images/products/s-l1600-700.jpg,112487049362,1,80,47,"120 Pairs Mastpur Nitrile Coated Work Gloves (Size Medium) Green, Orange  & Red"
41,1108,"120 Pairs Mastpur Nitrile Coated Work Gloves () Green, Orange & Red",Work Gloves,S,Green,,/images/products/s-l1600-700.jpg,112487049957,1,80,97,"120 Pairs Mastpur Nitrile Coated Work Gloves (Size Small) Green, Orange  & Red"
42,1110,12 Pairs Leather Gold Yellow Goat Grain Leather Palm Gloves Thumb Reinforced,Work Gloves,L,Gold,,/images/products/s-l1600-697.jpg,112487066252,1,50,93,"12 Pairs Leather Gold Yellow Goat Grain Leather Palm Gloves Thumb Reinforced ""L"""
42,1111,12 Pairs Leather Gold Yellow Goat Grain Leather Palm Gloves Thumb Reinforced,Work Gloves,M,Gold,,/images/products/s-l1600-697.jpg,112487067162,1,50,5,"12 Pairs Leather Gold Yellow Goat Grain Leather Palm Gloves Thumb Reinforced ""M"""
43,1113,Leather Gold Yellow Goat Grain Leather Palm Gloves Thumb Reinforced Size,Work Gloves,L,Gold,,/images/products/s-l1600-697.jpg,112687881161,1,3.99,56,"Leather Gold Yellow Goat Grain Leather Palm Gloves Thumb Reinforced Size ""L"""
43,1114,Leather Gold Yellow Goat Grain Leather Palm Gloves Thumb Reinforced Size,Work Gloves,M,Gold,,/images/products/s-l1600-697.jpg,112688788532,1,3.99,16,"Leather Gold Yellow Goat Grain Leather Palm Gloves Thumb Reinforced Size ""M"""
43,1115,Leather Gold Yellow Goat Grain Leather Palm Gloves Thumb Reinforced Size,Work Gloves,XL,Gold,,/images/products/s-l1600-697.jpg,112688789285,1,3.99,8,"Leather Gold Yellow Goat Grain Leather Palm Gloves Thumb Reinforced Size ""XL"""
44,1116,Leather Gold Oil Tanned Leather Pouch With Extra Big Pockets For Nails And Tools,Tool Belts & Pouches,,Gold,Oil Tanned,/images/products/s-l1600-694.jpg,112705982528,1,18.99,138,Leather Gold Oil Tanned Leather Pouch With Extra Big Pockets For Nails And Tools
44,1135,Leather Gold Oil Tanned Leather Pouch With Extra Big Pockets For Nails And Tools,Tool Belts & Pouches,,Gold,Oil Tanned,/images/products/s-l1600-76.jpg,113966606336,1,17.99,3,Leather Gold Oil Tanned Leather Pouch With Extra Big Pockets For Nails And Tools
44,1136,Leather Gold Oil Tanned Leather Pouch With Extra Big Pockets For Nails And Tools,Tool Belts & Pouches,,Gold,Oil Tanned,/images/products/s-l1600-75.jpg,114012746481,1,15.99,76,Leather Gold Oil Tanned Leather Pouch With Extra Big Pockets For Nails And Tools
45,1117,"Leather Gold Oil Tanned Leather Nails & Tools Pouch, Extra Big Pockets",Tool Belts & Pouches,,Gold,Oil Tanned,/images/products/s-l1600-694.jpg,112731898363,5,90,100,"Pack Of 5 Leather Gold Oil Tanned Leather Nails & Tools Pouch, Extra Big Pockets"
46,1118,Leather Gold Oil Tanned Leather Nails & Tools Pouch Extra Big Pockets,Tool Belts & Pouches,,Gold,Oil Tanned,/images/products/s-l1600-694.jpg,112731928011,10,180,20,Pack Of 10 Leather Gold Oil Tanned Leather Nails & Tools Pouch Extra Big Pockets
46,1119,Leather Gold Oil Tanned Leather Nails & Tools Pouch Extra Big Pockets,Tool Belts & Pouches,,Gold,Oil Tanned,/images/products/s-l1600-694.jpg,112731930296,20,350,10,Pack Of 20 Leather Gold Oil Tanned Leather Nails & Tools Pouch Extra Big Pockets
47,1120,"Touch Screen, High Vis Synthetic Leather Mechanics Gloves",Work Gloves,L,Orange,Synthetic Leather,/images/products/s-l1600-691.jpg,112764400022,1,2.49,71,"Touch Screen, High Vis Synthetic Leather Mechanics Gloves, Orange Color Size L"
48,1121,"Leather Gold “PREMIUM” ,Ten Pocket, Oil Tanned, Tool Pouch, With, Hammer Holders",Tool Belts & Pouches,,Gold,Oil Tanned,/images/products/s-l1600-688.jpg,112800977129,1,17.99,54,"Leather Gold “PREMIUM” ,Ten Pocket, Oil Tanned, Tool Pouch, With, Hammer Holders"
49,1122,Leather Gold “PREMIUM”Ten Pocket Oil Tann Tool Pouch Hammer Holders,Tool Belts & Pouches,,Gold,,/images/products/s-l1600-685.jpg,112800988597,10,180,100,Pack Of 10  Leather Gold “PREMIUM”Ten Pocket Oil Tann Tool Pouch  Hammer Holders
50,1123,Leather Gold “PREMIUM” Ten Pocket Oil Tan Tool Pouch Hammer Holders,Tool Belts & Pouches,,Gold,,/images/products/s-l1600-682.jpg,112800990308,5,90,100,Pack Of 5  Leather Gold “PREMIUM” Ten Pocket Oil Tan Tool Pouch Hammer Holders
51,1124,"2"" Scaffolding Leather Belt with 5 holders including meausre tape & span holders",Tool Belts & Pouches,,,,/images/products/s-l1600-85.jpg,112825610819,1,20,83,"2"" Scaffolding Leather Belt with 5 holders including meausre tape & span holders"
52,1125,Leather Gold Economy 10-Pocket Suede Leather Carpenter Tool Bag & Storage Pouch.,Tool Belts & Pouches,,Gold,Suede,/images/products/s-l1600-679.jpg,112861003401,1,10,91,Leather Gold Economy 10-Pocket Suede Leather Carpenter Tool Bag & Storage Pouch.
52,1126,Leather Gold Economy 10-Pocket Suede Leather Carpenter Tool Bag & Storage Pouch.,Tool Belts & Pouches,,Gold,Suede,/images/products/s-l1600-675.jpg,112870425741,1,15,97,Leather Gold Economy 10-Pocket Suede Leather Carpenter Tool Bag & Storage Pouch.
53,1129,"LEATHER GOLD Genuine Finished Leather Framer’s adjustable Rig, Tool Belt 3450",Tool Belts & Pouches,S,GOLD,,/images/products/s-l1600-658.jpg,113413768144,1,45.99,138,"LEATHER GOLD Genuine Finished Leather Framer’s adjustable Rig, Tool Belt 3450"
54,1130,Leather Gold 3800 Iron Worker's Leather Bolt Bag,Tool Belts & Pouches,S,Gold,,/images/products/s-l1600-642.jpg,113447111056,1,20,9,Leather Gold 3800 Iron Worker's Leather Bolt Bag
55,1131,Greenhill Dragon Boxing Gloves Training Sparring Muay Thai Bag Pad Fight MMA UFC,Boxing & MMA,,,,/images/products/s-l1600-638.jpg,113490451120,1,25,17,Greenhill Dragon Boxing Gloves Training Sparring Muay Thai Bag Pad Fight MMA UFC
56,1132,"Green Hill Tiger AIBA Boxing Glove, Boxing Training Gloves for Boxing",Boxing & MMA,,Green,,/images/products/s-l1600-634.jpg,113493222096,1,85,17,"Green Hill Tiger AIBA Boxing Glove, Boxing Training Gloves for Boxing"
57,1133,"Leather Gold Leather Electrician Tool Pouch ELECTRICIAN PRO, 3400",Tool Belts & Pouches,,Gold,,/images/products/s-l1600-627.jpg,113928812730,1,25,197,"Leather Gold Leather Electrician Tool Pouch ELECTRICIAN PRO, 3400"
58,1134,Leather Gold 2” Wide 4mm Thick100% Grain Leather Work Tool Belt Rust Free Buckle,Tool Belts & Pouches,,Gold,,/images/products/s-l1600-622.jpg,113959163297,1,19.99,51,Leather Gold 2” Wide 4mm Thick100% Grain Leather Work Tool Belt Rust Free Buckle
59,1137,"Supertex Ladies Pink Tool Bag, Multi-Purpose Storage Bag Wide Mouth and Zipper",Tool Belts & Pouches,,Pink,,/images/products/s-l1600-618.jpg,114015911936,1,15,4,"Supertex Ladies Pink Tool Bag, Multi-Purpose Storage Bag Wide Mouth and Zipper"
60,1138,"Supertex Tool Bag, Multi-Purpose Storage Bag Wide Mouth and Zipper",Tool Belts & Pouches,,,,/images/products/s-l1600-613.jpg,114015918339,1,15,10,"Supertex Tool Bag, Multi-Purpose Storage Bag Wide Mouth and Zipper"
61,1139,Leather Gold 9001 Iron Worker's Leather spud wrench holder (aka: elephant ears),Tool Belts & Pouches,S,Gold,,/images/products/s-l1600-611.jpg,114039348754,1,11,16,Leather Gold 9001 Iron Worker's Leather spud wrench holder (aka: elephant ears)
62,1140,Leather Rod Holder by Leather Gold - Welding Electrode Storage Can,Welding Gear,,Gold,,/images/products/s-l1600-608.jpg,114041214416,1,15.99,62,Leather Rod Holder by Leather Gold - Welding Electrode Storage Can
63,1141,Welding Gloves HEAT RESISTANT Cow Split Leather BBQ/Camping/Cooking Gloves,Welding Gear,,,,/images/products/s-l1600-604.jpg,114044321324,1,6,390,Welding Gloves HEAT RESISTANT Cow Split Leather BBQ/Camping/Cooking Gloves
64,1142,Welding Gloves HEAT RESISTANT Cow Split Leather BBQ/Camping/Cooking,Welding Gear,,,,/images/products/s-l1600-604.jpg,114044323554,12,39.99,497,12 pair pack Welding Gloves HEAT RESISTANT Cow Split Leather BBQ/Camping/Cooking
64,1143,Welding Gloves HEAT RESISTANT Cow Split Leather BBQ/Camping/Cooking,Welding Gear,,,,/images/products/s-l1600-604.jpg,114044326782,60,175,498,5 Doz pack Welding Gloves HEAT RESISTANT Cow Split Leather BBQ/Camping/Cooking
65,1144,"Greenhill 70-100 lbs Genuine Leather Heavy Punching Bag for Boxing, MMA and Gym",Boxing & MMA,,,,/images/products/s-l1600-598.jpg,114081802633,1,150,34,"Greenhill 70-100 lbs Genuine Leather Heavy Punching Bag for Boxing, MMA and Gym"
66,1145,Western Heritage Cow Grain Leather Heavy Duty 10 Pocket Carpenters' Tool Pouch,Tool Belts & Pouches,,,,/images/products/s-l1600-582.jpg,114118682517,1,35,85,Western Heritage Cow Grain Leather Heavy Duty 10 Pocket Carpenters' Tool Pouch
67,1147,12 Pairs Mastpur Nitrile Coated Work Gloves,Tool Belts & Pouches,,,,/images/products/s-l1600-580.jpg,114135775371,1,9,651,12 Pairs Mastpur Nitrile Coated Work Gloves
68,1150,"Leather Chaps, Apron, for Work, Sports, Horse/Bike Gear, Saddle",Outdoor & Equestrian,,Orange,,/images/products/s-l1600-567.jpg,114587912393,1,35,115,"Leather Chaps, Apron, Orange Color for Work, Sports, Horse/Bike Gear, Saddle"
69,1151,"Leather Gold Genuine Leather Framer’s Rig Tool Belt,15 Pockets Sliding Pouches",Tool Belts & Pouches,S,Gold,,/images/products/s-l1600-553.jpg,114728364296,1,84.99,70,"Leather Gold Genuine Leather Framer’s Rig Tool Belt,15 Pockets Sliding Pouches"
70,1152,"Mastpur Tie wire Reel, Lightweight Aluminum, Left Handed and Right Handed",Tools & Hardware,,,,/images/products/s-l1600-551.jpg,115664360749,1,28.99,49,"Mastpur Tie wire Reel, Lightweight Aluminum, Left Handed and Right Handed"
71,1153,"Mastpur 12-pack GRAPHITE Hard Lead Lumber Wooden Flat Carpenter Pencils 7""",Tools & Hardware,,,,/images/products/s-l1600-546.jpg,115894060013,1,4,141,"Mastpur  12-pack GRAPHITE Hard Lead Lumber Wooden Flat Carpenter Pencils 7"""
72,1154,Leather Gold 3-pocket Pliers Rule And Screwdriver Holster | Tool Kit,Tool Belts & Pouches,,Gold,,/images/products/s-l1600-60.jpg,115907375631,1,20,297,Leather Gold 3-pocket Pliers Rule And Screwdriver Holster | Tool Kit
73,1155,MASTPUR . 10-Pocket Carpenter Tool Pouch Polyester,Tool Belts & Pouches,,,,/images/products/s-l1600-544.jpg,115969932735,1,19.99,98,MASTPUR . 10-Pocket Carpenter Tool Pouch Polyester
74,1156,"Leather Gold Top Grain Goatskin Leather TIG Welding Gloves 6"" cuff",Welding Gear,,Gold,Top Grain,/images/products/s-l1600-538.jpg,115969949459,1,5.99,60,"Leather Gold Top Grain  Goatskin Leather TIG Welding Gloves 6"" cuff"
75,1157,Mastpur Chalk Line Reel Blue,Tools & Hardware,,Blue,,/images/products/s-l1600-536.jpg,116032164682,1,9.99,100,Mastpur Chalk Line Reel Blue
76,1158,LEATHER GOLD Spud Wrench Holder with Steel Rings,Tool Belts & Pouches,,GOLD,,/images/products/s-l1600-531.jpg,116032178053,1,15,2,LEATHER  GOLD  Spud Wrench Holder with  Steel Rings
77,1159,Leather Gold Apron Welding Apron Heat Flame Resistant Work Apron 6Pocket,Welding Gear,,Gold,,/images/products/s-l1600-528.jpg,116039362573,1,30,49,Leather Gold Apron Welding Apron Heat Flame Resistant Work Apron 6Pocket
78,1160,Leather Gold Welding Sleeves Heat Flame Resistant Arm Protection for Welder,Welding Gear,,Gold,,/images/products/s-l1600-525.jpg,116039370485,1,19.99,50,Leather Gold Welding Sleeves Heat Flame Resistant Arm Protection for Welder
79,1161,Leather Gold Dark Brown Leather Welding Jacket,Welding Gear,,Gold,,/images/products/s-l1600-521.jpg,116039382033,1,60,47,Leather Gold  Dark Brown Leather Welding Jacket
80,1162,"Village Leather Tool Pouch for Carpenters, Electricians, Framers, Handyman",Tool Belts & Pouches,,,,/images/products/s-l1600-515.jpg,116039396530,1,18,40,"Village Leather Tool Pouch for Carpenters, Electricians, Framers, Handyman"
81,1163,"MULTIPOCKETS Tool Pouch with Fit The Waist 29""-46"", Black/RED",Tool Belts & Pouches,,Black,,/images/products/s-l1600-510.jpg,116039407557,1,20,100,"MULTIPOCKETS  Tool Pouch with Fit The Waist 29""-46"", Black/RED"
82,1164,Mastpur Foam Padding Suspenders For worker Fits all,Suspenders,,,,/images/products/s-l1600-504.jpg,116062450643,1,25,60,Mastpur Foam Padding Suspenders For worker Fits all
83,1165,Village Leather Plier Holder Pouch With Hammer Holder Hook,Tool Belts & Pouches,,,,/images/products/s-l1600-501.jpg,116062472517,1,10,18,Village Leather Plier Holder Pouch With Hammer Holder Hook
84,1166,LEATHER GOLD Scissors and Knife Holder,Tool Belts & Pouches,,GOLD,,/images/products/s-l1600-498.jpg,116062486311,1,9,50,LEATHER GOLD Scissors and  Knife Holder
85,1167,"Non-Slip Kneepads with Adjustable Straps, Safety Leather Knee Pads",Safety & Workwear,,,,/images/products/s-l1600-493.jpg,116062506631,1,24.99,48,"Non-Slip Kneepads with Adjustable Straps, Safety Leather Knee Pads"
86,1168,"Heavy Duty Leather Kneepads, Double Thick Lining",Safety & Workwear,,,,/images/products/s-l1600-488.jpg,116062510410,1,22.99,47,"Heavy Duty Leather Kneepads, Double Thick Lining"
87,1169,Hard Hat Sun Shade Visor for Full Brim Mesh Neck HI VIS REFLECTIVE STRIPE,Safety & Workwear,,,,/images/products/s-l1600-483.jpg,116062522610,1,8.99,100,Hard Hat Sun Shade Visor for Full Brim Mesh Neck HI VIS REFLECTIVE STRIPE
88,1170,"Bricks ,Welding and Steel Worker Protective Leather padded Chap For Leg",Welding Gear,,,,/images/products/s-l1600-476.jpg,116066937360,1,22.99,10,"Bricks ,Welding and Steel  Worker Protective Leather  padded Chap For Leg"
89,1171,"5/8"" x 100' Double Braid Rope, Arborist Bull Rope, Rigging Line, Hoist Line, NEW",Tools & Hardware,,,,/images/products/s-l1600-450.jpg,116070033196,1,49.99,38,"5/8"" x 100' Double Braid Rope, Arborist Bull Rope, Rigging Line, Hoist Line, NEW"
89,1172,"5/8"" x 100' Double Braid Rope, Arborist Bull Rope, Rigging Line, Hoist Line, NEW",Tools & Hardware,,,,/images/products/s-l1600-445.jpg,116070039172,1,59.99,48,"5/8"" x 100' Double Braid Rope, Arborist Bull Rope, Rigging Line, Hoist Line, NEW"
90,1173,16-30' Leather Measuring Tape Measure Belt Holder Pouch Tool Carrier,Tool Belts & Pouches,,,,/images/products/s-l1600-469.jpg,116070051622,1,12,25,16-30' Leather Measuring Tape Measure Belt Holder Pouch Tool Carrier
91,1174,"Mesh High Visibility Safety Vest, with zipper",Safety & Workwear,,,,/images/products/s-l1600-466.jpg,116070054441,1,7.99,50,"Mesh High Visibility Safety Vest, with zipper"
92,1175,LEATHER - Canvas Nut Bolt Nail Bag Belt Pouch Carrier Holder,Tool Belts & Pouches,,,Canvas,/images/products/s-l1600-460.jpg,116070697434,1,12.99,40,LEATHER - Canvas Nut Bolt Nail Bag Belt Pouch Carrier Holder
93,1176,HEAVY DUTY WORK SUSPENDER,Suspenders,,,,/images/products/s-l1600-455.jpg,116070929456,1,9.99,50,HEAVY DUTY WORK SUSPENDER
94,1177,Heavy Duty utility Clips 2” Wide Elastic Work Suspender,Suspenders,,,,/images/products/s-l1600-439.jpg,116070967514,1,9.99,100,Heavy Duty utility Clips 2” Wide Elastic Work Suspender
95,1178,"Work Suspenders , Industrial Strength Suspenders for Men",Suspenders,,,,/images/products/s-l1600-435.jpg,116071023726,1,9.99,100,"Work Suspenders , Industrial Strength Suspenders for Men"
96,1179,MASTPUR Work Suspenders Red 2 inch Wide Adjustable Heavy Duty,Suspenders,,Red,,/images/products/s-l1600-433.jpg,116071035804,1,9.99,100,MASTPUR Work Suspenders Red  2 inch Wide Adjustable Heavy Duty
97,1180,3850-CHOC Bolt Bag with Spud Wrench Holder and Snap Holder | Ironworker Bolt Bag,Tool Belts & Pouches,,,,/images/products/s-l1600-427.jpg,116071053031,1,29.99,100,3850-CHOC Bolt Bag with Spud Wrench Holder and Snap Holder | Ironworker Bolt Bag
98,1181,Leather Gold work Suspenders | Tool Belt Suspenders | Grain Leather Suspender,Tool Belts & Pouches,,Gold,,/images/products/s-l1600-421.jpg,116071961563,1,49.99,47,Leather  Gold work Suspenders | Tool Belt Suspenders | Grain Leather Suspender
99,1182,Men Leather Cell Phone Bag Belt Loop Waist Pack Wallet Holder Case,Accessories,,,,/images/products/s-l1600-417.jpg,116071995237,1,14.99,15,Men Leather Cell Phone Bag Belt Loop Waist Pack Wallet Holder Case
100,1183,Leather Craft* Cordless Drill Holder,Tool Belts & Pouches,,,,/images/products/s-l1600-413.jpg,116072001253,1,14.99,15,Leather Craft* Cordless Drill Holder
101,1184,High Visibility polyester Long Sleeve Safety Work Shirt,Safety & Workwear,,,,/images/products/s-l1600-410.jpg,116072506757,1,9.99,80,High Visibility polyester Long Sleeve  Safety  Work Shirt
102,1185,High Visibile Long Sleeve Orange Work Safety Hoodie,Safety & Workwear,,Orange,,/images/products/s-l1600-406.jpg,116072512785,1,9.99,50,High Visibile Long Sleeve Orange Work Safety Hoodie
103,1186,Welding Hood Welding Shawl Hat With Neck And Shoulders Draped Cowhide,Welding Gear,,,Cow Hide,/images/products/s-l1600-402.jpg,116072858323,1,29.99,15,Welding Hood Welding Shawl Hat With Neck And Shoulders Draped Cowhide
103,1187,Welding Hood Welding Shawl Hat With Neck And Shoulders Draped Cowhide,Welding Gear,,,Cow Hide,/images/products/s-l1600-398.jpg,116072867240,1,29.99,20,Welding Hood Welding Shawl Hat With Neck And Shoulders Draped Cowhide
104,1188,Heavy Duty GOAT SKIN MECHANIC WORK GLOVES -,Work Gloves,,,Goat Skin,/images/products/s-l1600-388.jpg,116072876936,6,15,100,Heavy Duty GOAT SKIN MECHANIC  WORK GLOVES - 6 Pair Pack
105,1189,VILLAGE LEATHER 10 Pocket Top Grain Leather Carpenter Tool Pouch Bag with Belt,Tool Belts & Pouches,,,Top Grain,/images/products/s-l1600-380.jpg,116079834707,1,49,11,VILLAGE LEATHER 10 Pocket Top Grain Leather Carpenter Tool Pouch Bag with Belt
106,1190,"Leather Gold -ORN Bolt Bag with 2 Spud Wrench Holders, Wide Mouth | Ironworker",Tool Belts & Pouches,,Gold,,/images/products/s-l1600-374.jpg,116079859701,1,29.99,20,"Leather Gold -ORN Bolt Bag with 2 Spud Wrench Holders, Wide Mouth | Ironworker"
107,1191,Leather Gold - Steel hook Top Grain Leather Belt Hammer Holder,Tool Belts & Pouches,,Gold,Top Grain,/images/products/s-l1600-371.jpg,116083480554,1,4.99,998,Leather Gold  - Steel hook Top Grain Leather Belt Hammer Holder
108,1192,LEATHER GOLD Hammer holder Steel hook 4mm Leather,Tool Belts & Pouches,,GOLD,,/images/products/s-l1600-364.jpg,116083485382,1,4.99,500,LEATHER GOLD  Hammer holder Steel hook 4mm Leather
109,1193,Leather Hammer Holder with Steel Hook,Tool Belts & Pouches,,,,/images/products/s-l1600-360.jpg,116083488528,1,4.99,98,Leather Hammer Holder with Steel  Hook
110,1194,MASTPUR Leather and Canvas Nut Bolt Nail Bag Belt Pouch Carrier Holder,Tool Belts & Pouches,,,Canvas,/images/products/s-l1600-355.jpg,116086257285,1,12.99,47,MASTPUR Leather and Canvas Nut Bolt Nail Bag Belt Pouch Carrier Holder
111,1195,Leather Gold 8 Pocket Flat-Right side Drywall Tool Pouch,Tool Belts & Pouches,,Gold,,/images/products/s-l1600-351.jpg,116089843215,1,24.99,11,Leather  Gold 8 Pocket Flat-Right side Drywall Tool Pouch
112,1196,Leather Belt Loop Keychain or Traditional Keychain with D-Ring (Brown),Accessories,,Brown,,/images/products/s-l1600-347.jpg,116089862437,4,7.99,98,Leather Belt Loop Keychain or Traditional Keychain  with D-Ring (Brown)  4 pack
113,1197,Leather Belt Loop Keychain or Traditional Keychain with D-Ring (Black),Accessories,,Black,,/images/products/s-l1600-343.jpg,116089866355,4,7.99,96,Leather Belt Loop Keychain or Traditional Keychain  with D-Ring (Black) 4 pack
114,1198,"Leather Weight Lifting Belt 4"" Back Support Fitness Gym Training Bodybuilding",Fitness & Lifting,,,,/images/products/s-l1600-337.jpg,116089888060,1,19.99,199,"Leather  Weight Lifting Belt 4"" Back Support Fitness Gym Training Bodybuilding"
115,1199,Top Grain Cow Leather Men's work Leather and Fabric Gloves,Work Gloves,S,,Top Grain,/images/products/s-l1600-327.jpg,116089922034,12,39.99,35,12 pair pack Top Grain Cow Leather  Men's work Leather and Fabric Gloves
116,1200,"Men's Premium Cow Suede Leather Driver Gloves, Work Gloves",Work Gloves,S,,Suede,/images/products/s-l1600-320.jpg,116089929509,12,34.99,58,"12 Pair Pack Men's Premium Cow Suede Leather   Driver Gloves, Work Gloves"
117,1201,"LEATHER GOLD 8 Pocket Flat- Left hand side SHEET ROCK ,Drywall Tool Pouch",Tool Belts & Pouches,,GOLD,,/images/products/s-l1600-318.jpg,116108787630,1,24.99,15,"LEATHER GOLD 8 Pocket Flat- Left hand side  SHEET ROCK ,Drywall  Tool Pouch"
118,1202,VILLAGE LEATHER 10 Pocket Pink Top Grain Leather Carpenter Tool Pouch Bag,Tool Belts & Pouches,,Pink,Top Grain,/images/products/s-l1600-314.jpg,116108857328,1,49.99,20,VILLAGE LEATHER 10 Pocket  Pink Top Grain   Leather Carpenter Tool Pouch Bag
119,1203,"Leather Tool Roll Up Tool Kit Organiser , LeatherWrench Roll Chisel Pouch",Tool Belts & Pouches,,,,/images/products/s-l1600-306.jpg,116114534937,1,24.99,9,"Leather Tool Roll Up Tool Kit Organiser , LeatherWrench Roll Chisel Pouch"
120,1204,LEATHER GOLD Electrician Leather Multi Tool Holder Belt (4Pocket) Pouch,Tool Belts & Pouches,,GOLD,,/images/products/s-l1600-299.jpg,116114564488,1,15.99,5,LEATHER GOLD  Electrician Leather Multi Tool  Holder Belt  (4Pocket) Pouch
120,1205,LEATHER GOLD Electrician Leather Multi Tool Holder Belt (4Pocket) Pouch,Tool Belts & Pouches,,GOLD,,/images/products/s-l1600-295.jpg,116114567852,1,15.99,17,LEATHER GOLD Electrician Leather Multi Tool Holder Belt (4Pocket) Pouch
121,1206,Rolls Shipping Packaging Box Packing Sealing Tape MM / 100M,Tools & Hardware,50,,,/images/products/s-l1600-288.jpg,116116814355,6,11.99,100,Pack of 6 Rolls  Shipping Packaging Box Packing Sealing Tape size 50 MM /  100M
122,1207,MASTPUR MultiPurpose HeavyDuty Canvas Nail/Hand Carpenter 10 pocket Tool Pouch,Tool Belts & Pouches,,,Canvas,/images/products/s-l1600-283.jpg,116116827437,1,12.99,100,MASTPUR  MultiPurpose HeavyDuty Canvas Nail/Hand Carpenter 10 pocket Tool Pouch
125,1210,village Leather Professional Apron with adjustable belt knee straps 2 hook,Outdoor & Equestrian,,,,/images/products/s-l1600-274.jpg,116257892853,1,24.99,50,village Leather Professional  Apron with adjustable belt knee straps 2 hook
126,1211,"Village Leather - bricks Worker/ Chaps With foam padded , Adjustable Belt!",Outdoor & Equestrian,,,,/images/products/s-l1600-266.jpg,116257904418,1,24.99,50,"Village  Leather - bricks  Worker/ Chaps With foam padded , Adjustable Belt!"
127,1212,Top Grain Tool Pouch With Extra Big Pockets For Nails with Foam Padded belt,Tool Belts & Pouches,,,Top Grain,/images/products/s-l1600-259.jpg,116258029304,1,49.99,100,Top Grain Tool  Pouch With Extra Big Pockets For Nails  with Foam Padded belt
128,1213,"Leather Tool Work belt for men 2.5"" Foam Padded for support Tool Pouch Belts",Tool Belts & Pouches,,,,/images/products/s-l1600-250.jpg,116258039347,1,19.99,1,"Leather Tool Work belt for men 2.5"" Foam Padded for support  Tool Pouch Belts"
129,1214,Oil Tanned Leather Pouch With Extra Big Pockets For Nails And Tools,Tool Belts & Pouches,,,Oil Tanned,/images/products/s-l1600-243.jpg,116268244792,1,29.99,50,Oil Tanned Leather Pouch With Extra Big Pockets For Nails And Tools
129,1215,Oil Tanned Leather Pouch With Extra Big Pockets For Nails And Tools,Tool Belts & Pouches,,,Oil Tanned,/images/products/s-l1600-237.jpg,116268253854,1,24.99,100,Oil Tanned Leather Pouch With Extra Big Pockets For Nails And Tools
129,1216,Oil Tanned Leather Pouch With Extra Big Pockets For Nails And Tools,Tool Belts & Pouches,,,Oil Tanned,/images/products/s-l1600-230.jpg,116268267238,1,24.99,100,Oil Tanned Leather Pouch With Extra Big Pockets For Nails And Tools
